;AP2;COUNTRY;COMMENT_TEXT;SENTIMENT
0;SEM;MX;Un poco lento La calidad de la cámara muy buena Pará el precio creo que es una buena opción;NEGATIVO
1;SEM;MX;El audio es totalmente horrible, tiene los bajos muy muy fuertes y cuando se sube el volumen total se escuchan horrible en cualquier audífonos o sistema de audio, últimamente se traba muchísimo y la batería no dura nada.;NEGATIVO
2;SEM;MX;Lo acabo de comprar pero he notado algo con el cargador. No aparece turbopower y demora mucho en cargar. No sé si sea la batería porque se calienta mucho.;NEGATIVO
3;SEM;MX;Manchas horribles en la pantalla, lo demás excelente, en procesador y fluidez buenísimos, pero para el precio no es satisfactorio;NEGATIVO
4;SEM;MX;La bocina no le sirve. Cuando hablo con alguien, ellos solo escuchan estática. Está terrible!!! También la batería no sirve. Se descarga al poco tiempo. Inclusive en “Settings” marca como la batería está deficiente. Estoy muy disatisfecha con esta compra, y espero me lo puedan cambiar.;NEGATIVO
5;SEM;MX;VIno rayada la pantalla, los costados, la parte de atras. Es una decepcion enorme. 5400 pesos tirados a la basura por un celular roto.;NEGATIVO
6;SEM;MX;No se puede esperar mucho de un celular gama baja, a resaltar la batería que puede durar hasta 2 días con un uso moderado y es carga rápida mediante usb tipo C. El desbloqueo facial sirve aun con mascarilla puesta. El desbloqueo con huella muchas veces no funciona a la primera, tienes que colocar como regístrate la huella. La pantalla es grande pero no tiene buen ángulo de visión, la ves de lado y se ve blanco/brilloso. El case con el que viene le queda justo, cuesta quitárselo/ponérselo. En cuanto a funcionamiento, a pesar de tener snapdragon y 4gb de ram es lento y se llega a trabar, la cámara sufre mucho a la hora de abrir la app. Tampoco se le puede exigir una gran calidad de fotografía. El sonido es adecuado.;NEGATIVO
7;SEM;MX;EL sensor de huella es muy lento, a veces no me reconoce o tarda mucho para hacerlo, ya he reconfigurado la misma en multiples ocasiones desde android y otros modelos de celular funcionan sin problema. Otro detalle es que no tiene led de notificación por lo que nunca se si tengo algún mensaje, tengo que prender la pantalla.;NEGATIVO
8;SEM;MX;Falló a los dos meses, se alentaba, se apagaba y al final ya no prendió y nunca pude hacer válida la garantía, ya que Xiaomi México me mandaba con el que me lo vendió y Amazon me mandaba con Xiaomi dinero tirado a la basura.;NEGATIVO
9;SEM;MX;Me parece calidad bueno. Y la pila demora un buen.;NEGATIVO
10;SEM;MX;Es muy lento en procesamiento;NEGATIVO
11;SECH;CL;El teléfono en sí es de bna calidad, la cámara excelente, pero pésima la appstore q trae no deja instalar las app q necesito sólo las sugeridas, tuve q mirar en youtube para descargar una app y así descargar facebook, mercado libre, el bco etc, horrible deberían avisar q ya no tienen playstore.;NEGATIVO
12;SAMCOL;CO;Mucha demora para cargar. No se le consiguen los protectores. Funciones que no sirven. La verdad muy regular. Hace 15 días Denunciar;NEGATIVO
13;SELA;DO;Una mierda, me robaste mi dinero, pero tranquilo. Hace 7 meses Denunciar;NEGATIVO
14;SELA;VE;Excelente calidad, he descargado varias aplicaciones y no se me ha guindado ni se pone lento. Más de 1 año Denunciar;NEGATIVO
15;SELA;VE;A mí me parece que carga lento las descargas, puede ser que tengo mucha copia de seguridad. Veré después que todo se cargue a ver si vuela como dice todo el mundo. Más de 1 año Denunciar;NEGATIVO
16;SELA;VE;Es un producto de la linea economica de zte, ademas lo veo demasiado fragil, una caida y ¡pum! listo. Lo malo es que no es 4g, asi que a sufrir. . No lo recomiendo. Hace 11 meses Denunciar;NEGATIVO
17;SELA;VE;Excelente equpo hastala fecha cumple sus objetivos y funciones para lo cual fue adquirido, navega expectacular en 4g con movistar, con movilnet es algo lento y bueno con digitel en e +-. Más de 2 años Denunciar;NEGATIVO
18;SELA;DO;Una mierda, me robaste mi dinero, pero tranquilo. Hace 6 meses Denunciar;NEGATIVO
19;SELA;VE;Es un teléfono de recursos muy limitados, se calienta mucho y es muy lento al utilizarlo. Hace 4 meses Denunciar;NEGATIVO
20;SELA;VE;Es un teléfono de recursos muy limitados, se calienta mucho y es muy lento al utilizarlo. Hace 5 meses Denunciar;NEGATIVO
21;SEM;MX;La entrega por parte de LIVERPOOL en tiempo y forma. Se llevaron toda la basura del embalaje. El refrigerador muy amplio y cómodo. Silencioso y, según entiendo, consume mucho menos electricidad. Creo que fue una muy buena compra.;NEGATIVO
22;SEM;MX;Al año empezó con fugas, ya van dos compresores que le cambio, estoy considerando tirarlo a la basura y comprar otro. Es en serio. pésimo;NEGATIVO
23;SEM;MX;NO COMPREN ESTA MARCA DE REFRIGERADORES SE DAÑAN MUY RAPIDO Y LA GARANTIA DEL FABRICANTE NO CUMPLE, EVITEN TIRAR SU DINERO A LA BASURA COMO YO LO HICE;NEGATIVO
24;SEM;MX;Horrible mecanismo, enreda las fibras de los vegetales y deja de exprimir, se atora y hay que abrirlo a cada rato y se atoran las fibras, no permiten abrirlo con facilidad;NEGATIVO
25;SEM;MX;La pila es duradera. Se puede introducir memoria externa. Los colores son bonitos. Lo único que no he podido encontrar protección, viene con una muy muy frágil, difícilmente protegerá de una caí Leer más;NEGATIVO
26;SEM;MX;Es bueno el equipo el único problema que es algo lento con las tranciines entre cámara y álbum de fotos así como en el cambio de apliccion a aplicación;NEGATIVO
27;SECH;CL;Buen equipo, pero no sabía que venía con cargador lento, sin conexión para audífonos tradicionales, ni audífonos compatibles o adaptador. El equipo se calienta fácilmente, no en exceso como para no comprarlo pero frecuentemente.;NEGATIVO
28;SECH;CL;Horrible no le responden no recibí mi producto les hablo a la compañía que me hagan mi devolución y se hacen los tontos no responden.;NEGATIVO
29;SECH;CL;Buen porte. Buena capacidad. Rapido sin demoras. Lo considero excelente.;NEGATIVO
30;SECH;CL;Como todo iphone tiene sus bondades y falencias. Este modelo es algo más lento que otras versiones, como un iphone 8 por ejemplo. Por ese lado algo decepcionado con la performance.;NEGATIVO
31;SECH;CL;Entero pulento zyyyyyy. Le pone caleta el shiaomy, la pulenta o'e.;NEGATIVO
32;SECH;CL;Sinceramente debo decir que es mala, puesto que sufre de fluidez en varias cosas, apps que se quedan pegadas y no dejan cerrarlas ( burbujas messenger) o que simplemente el touch de la pantalla puede estar defectuoso, sumado a esto siento que presenta una demora excesiva al encender.;NEGATIVO
33;SECH;CL;Toma buenas fotos, pero para entrar a cada aplicación es muy lento. Hasta para entrar a la cámara se demora mucho comparado con otros smart. Pero por el precio habrá q aguantarse no mas.;NEGATIVO
34;SECH;CL;Horrible celular! no lo compren, la pantalla se ve super mal, y al mes de comprarlo murio de la nada! y ahora cero solucion.;NEGATIVO
35;SECH;CL;No es un buen teléfono, no tiene buena cámara, es un poco lento , se pega. No si el teléfono es malo o yo tuve mala suerte.;NEGATIVO
36;SECH;CL;Compré dos ya que sus características son bastante tentadoras, pero lo encuentro un poco lento comparado con un celular bastante ordinario que tenía anteriormente.;NEGATIVO
37;SECH;CL;"La carcasa posterior es de un material muy plástico al tacto, no esperen nada ""elegante"" sin embargo no es feo, solo no es por ejemplo el material que ocuparon hasta el s7 que era como un espejo casi, de un material muy estético. En cuanto al rendimiento es brutal, tener por ejemplo un juego corriendo, no solo abierto si no que en ejecución mientas hablas, por alguna aplicación de comunicación, simplemente brutal, se notan cada uno de los núcleos y la ram,. Sin embargo así como funciona, se calienta si se exige y gasta batería en la misma proporción, no es una batería acorde al rendimiento, sin embargo se suple con lo poco que se demora en cargar, es realmente muy rápido. En cuanto a la cámara la verdad no veo mucha maravilla y hay que superar el miedo inicial cuando notas que suena cuando se agita eso no te lo dicen antes de comprar el aparato pero hay muchos videos (no de samsung) donde se explica porque suena como si tuviera algo suelto.";NEGATIVO
38;SECH;CL;La caja venía vacía y sin sellos (lo habían abierto, quién? no lo sé). Horrible momento y muy decepcionado, se supone que si uno le compra a una empresa como xiaomi de manera directa no esperas que te estafen. Espero que me puedan dar una solución rápida si no deberé buscar compensaciones en otras instancias legales.;NEGATIVO
39;SECH;CL;Buen equipo. Con una bateria terrible de duradera. Recomendadisimo. Más de 1 año Denunciar;NEGATIVO
40;SECH;CL;No es lo que esperaba, se descarga rápido y se carga muy lento. La edición de fotos tiene muy pocos filtros y opciones.;NEGATIVO
41;SECH;CL;La atencoin fue buena peroel telefono es muy malo, lento, muuy lento, se pega, la pantalla a veces falla, seguire viendo pero hasta ahora lo devolvere.;NEGATIVO
42;SECH;CL;Bueno pero tenía una mayor expectativa respecto al producto, se queda lento en ocasiones como también no tiene un acceso a linterna moviendo el aparato y su sensor de huella deja mucho que desear lamentablemente.;NEGATIVO
43;SECH;CL;Lo encuentro lento en relación al que tenía motorola.;NEGATIVO
44;SECH;CL;La batería no dura tanto, demora mucho en cargar.;NEGATIVO
45;SECH;CL;La verdad que no es muy bueno se pega a cada rato y es muy lento para abrir aplicaciones si que no lo recomiendo.;NEGATIVO
46;SECH;CL;Buen equipo, pero a diferencia del moto one hyper que me robaron, este se queda en deuda, la pantalla se congela de vez en cuando y es un poco mas lento en procesos.;NEGATIVO
47;SECH;CL;Excelente. No termino nunca de descubrir todas sus cualidades. Me encanto. La carga demora una hora y 20 minutos aprox. Muy bueno. Estoy muy satisfecho con el producto.;NEGATIVO
48;SECH;CL;No lo conectes a internet, bloquea las actulizaciones , borra las instalaciones dinamicas con el adb, desintala e inhabilita todos los servicios google que son basura, y luego saca todas las notificaciones ahora conecta y disfruta, te dara al menos un año util mas de uso antes que la obsolencia programada 2 años.;NEGATIVO
49;SECH;CL;No es lo que esperaba, lento, a veces queda pegado con aplicación en uso.;NEGATIVO
50;SECH;CL;Decepción, cámara muy mala, equipo lento no hay como iphone.;NEGATIVO
51;SECH;CL;Es un poco lento y la bateria no dura tanto. Las fotos si son bastante buenas.;NEGATIVO
52;SECH;CL;Excelente, fue un regalo q hice,quedé muy satisfecha con la compra , rápido ,,,. Aveces parece lento pero todos son así ,.;NEGATIVO
53;SECH;CL;Malo. Es lento se queda pegado horrible las funciones no lo compren es tirar la plata a la basura.;NEGATIVO
54;SECH;CL;Está malo el equipo, primero: cuando están llamando la pantalla permanece oscura, en negro y no se sabe quién llama. Segundo: al encender el equipo con el boton lateral derecho, demora unos 20 minutos en aparecer la pantalla encendida. Lo regalé a un adulto mayor y se le ha hecho un gran problema usarlo, es muy malo el producto!!.;NEGATIVO
55;SECH;CL;Muy lento, la cámara deja mucho que desear, bueno, el teléfono en general, arrepentida de la compra hasta ahora. Incluso para desbloquearlo presenta problemas. En 5 meses ha presentado más problemas que cualquier otro teléfono que haya tenido antes. No lo recomiendo para nada.;NEGATIVO
56;SECH;CL;Celular malo nome gusto tiene problemas al contestar llamadas. Es super lento y pone lento el interntet. Más de 1 año Denunciar;NEGATIVO
57;SECH;CL;Horrible s keda pegado a cada segundo malo malo.;NEGATIVO
58;SECH;CL;Terriblemente malo,se apaga solo y cuando lo prendo tenía más de la mitad de batería,se escucha sumamente mal los altavoces como reventado y no lo tengo ni hace un mes, no lo recomiendo para nada,pésimo celular. Sin mencionar que pierde señal a todo momento y hay que reiniciarlo para que agarre. Lo habría devuelto si no hubiera botado la caja,perdida de dinero total con este articulo.;NEGATIVO
59;SECH;CL;Compre 3 y 2 salieron malos. Se van a negro, apenas se usaron dos días y comenzaron con problemas. Lentos y cuando se apagan cuesta para que vuelvan a encender. (se reinician solos). Malas políticas de garantía. Al parecer movistar no reconoce las garantías legales que por ley existen. No recomiendo comprar acá.;NEGATIVO
60;SECH;CL;Malo no lo recomiendo. Viene con problema de llamadas no deja responder ni cortar. Es horrible es botar el dinero.;NEGATIVO
61;SECH;CL;Horrible ni 12 horas de uso se apagó y no encendió y tenía 69% de batería.;NEGATIVO
62;SAMCOL;CO;Mucha demora para cargar. No se le consiguen los protectores. Funciones que no sirven. La verdad muy regular. Hace 14 días Denunciar;NEGATIVO
63;SAMCOL;CO;La verdad estoy buscando que hacer ccon este celular, su rendimiento es pesimo, para pasar de una app a otra se traba, es lento ,en los juegos ni se diga, es aun mas lento y tiene demasiado lag y despues de eso se traba aun mas, ya he actualizado y por un momento estuvo mas rapido pero volvio a lo mismo. Hace 5 meses Denunciar;NEGATIVO
64;SAMCOL;CO;Cuando trato de escribir la pantalla me arroja otras letras es muy lento se calienta mucho. Más de 1 año Denunciar;NEGATIVO
65;SAMCOL;CO;Buenas noches, se recalienta el celu y se demora en coger internet y datos. Hace 2 meses Denunciar;NEGATIVO
66;SAMCOL;CO;El producto muy bueno lo malo fue la demora. Más de 1 año Denunciar;NEGATIVO
67;SAMCOL;CO;"Excelente producto. Para los que cuestionan el lector de huella por ser ""aparentemente lento"", quiero decirles que funciona a la perfección. Super rapidez de reconocimiento. Más de 1 año Denunciar";NEGATIVO
68;SAMCOL;CO;Lento, se bloquea con una llamada. Pésimo. No sé pudo actualizar un parche de seguridad enviado por el sistema. No recomiendo su compra. Hace 4 meses Denunciar;NEGATIVO
69;SAMCOL;CO;Horrible. No lo compren. Es una estafa. Hace 2 meses Denunciar;NEGATIVO
70;SAMCOL;CO;Tenía un celular con las mismas características de ram y este es muchísimo más lento que el que tenía. Tampoco sirve la funcionalidad de xiaomi para encontrarlo. Hace 7 meses Denunciar;NEGATIVO
71;SAMCOL;CO;El celular se bloquea al prender, cuando prende demora como diez minutos para abrir. Tristemente la calidad del producto es muy mala. Hace 2 meses Denunciar;NEGATIVO
72;SAMCOL;CO;Lorem ipsum dolor sit amet consectetur adipisicing elit. Odio eaque modi, perferendis, exercitationem,. Velit aliquam explicabo nihil molestias laudantium aliquid architecto. Possimus saepe, obcaecati consectetur. Delectus voluptates hic sequi illo sapiente veniam. Itaque, consectetur. Unde facere id possimus fugit. Laudantium atque. Vel quibusdam illum nam a voluptas corrupti quisquam natus nobis ducimus similique. Excepturi blanditiis labore architecto ea libero maxime voluptatum doloribus nisi adipisci, quas soluta. Molestiae. Quos doloribus asperiores quidem, atque officia aperiam numquam at nobis ab aut voluptatem ex. Accusantium dolorem eum dolores tempore nihil consequuntur praesentium obcaecati velit enim alias dolore. Assumenda reprehenderit harum minima nisi ab?. Hace 9 meses Denunciar;NEGATIVO
73;SAMCOL;CO;Es lento, se traba mucho, solo ingresando al whatsapp, el miceofono esta mal ubicado, casi en la esquina del celular, si va a enviar un mensaje de voz toca revisar porque uno tapa el microfono con la palma de la mano cuando lo coje. Hace 5 meses Denunciar;NEGATIVO
74;SAMCOL;CO;Lento. ,. Repelente, lentoooooooooo. Hace 3 meses Denunciar;NEGATIVO
75;SAMCOL;CO;He presentado algunos inconvenientes con el celular, porque se pone muy lento cuando utilizo la cámara o cuando estoy pasando de una aplicación a la otra, se queda paralizado. Y realmente me preocupa no se porque ocurre esto. Pero me encantaría que por fa me dieran una solución. Hace 3 meses Denunciar;NEGATIVO
76;SAMCOL;CO;Buen teléfono, lo único que es algo lento y se nota mucho en el día a día por el procesador que tiene. Hace 10 meses Denunciar;NEGATIVO
77;SAMCOL;CO;El celular es un poco lento, al igual que la cámara delantera pero de resto es un celular muy muy muy bueno. Más de 1 año Denunciar;NEGATIVO
78;SAMCOL;CO;Bueno a veces es un poco lento pero con un reinició se arregla. Hace 11 meses Denunciar;NEGATIVO
79;SAMCOL;CO;Se empieza a trabar y a poner lento en cuanto lo actualizas. Hace 2 meses Denunciar;NEGATIVO
80;SEM;MX;Your browser does not support HTML5 video. La verdad tenía incertidumbre al comprar, me animé porque tenía muchos más comentarios positivos que negativos. La tv llego como nueva solo con la caja un tanto desgastada (que al final ni importa pues terminará en la basura) .valió mucho la pena. Ademas que la pedí un sábado por la noche y el lunes ya las tenía entregada.;NEGATIVO
81;SEM;MX;Es muy lento, lo uso en cosas básicas como YT y FB y se traba cuando llega una llamada;NEGATIVO
82;SEM;MX;Mala elección, el celular se trababa, estaba lento, no grababa slow motion, si estaba usando spotify no soportaba otra app, se calentaba y demás desde las primeras horas después de recibirlo, opte por devolverlo.;NEGATIVO
83;SEM;MX;El envié Fue súper rápido, llegó al otro dia, pero el teléfono es súper lento, después de 10 minutos se calienta y empieza a fallar, lo estuve usando 1 mes y me arrepiento de a verlo comprado, es un teléfono que no funciona como debería, no lo recomiendo;NEGATIVO
84;SEM;MX;Horrible, me acaban de estafar, ya estoy tramitando la devolucion, solo me llego el cable y el cargador, pero el sobre del celular estaba vacio, no habia ningun celular, en la descripcion claramente pone celular, no cable, espero esto se solucione pronto.;NEGATIVO
85;SEM;MX;El teléfono es muy bueno, pero me decepciono su cámara, está en tonos amarillentos, los colores en las fotos son más tenues. Se dice que con una actualización se solucionará, quedó en la espera... Le doy un 8, esperaba más...;NEGATIVO
86;SEM;MX;Muy buen producto me gusto mucho solo un pequeño detalle si vino rayado o yo lo rayé casi no se nota solo que con el sol se ve la raya no se si aplique garantía o no me parece que la pantalla es muy frágil a raya duras por qué llevo menos de dos días.;NEGATIVO
87;SEM;MX;Lo que puedes esperar de Xiaomi, ni más ni menos. Aunque tiene ciertos bugs o puede notarse lento, para el precio del producto, es algo bueno.;NEGATIVO
88;SEM;MX;Compré en color Neptune Blue, que es el que dice en la publicación y me encantó pero me enviaron en Space Black, que se ve horrible. La verdad yo lo compré por el color (aparte de que las características del modelo me convencieron. La etiqueta de Amazon sí dice el color correcto sin embargo la etiqueta en la caja dice otra cosa. Supongo que esto es problema de logistica de Amazon.;NEGATIVO
89;SEM;MX;No me gusta mucho el sistema operativo es muy lento a veces se traba Tiene una excelente camara y batería;NEGATIVO
90;SEM;MX;Solo recibo llamadas en 2g, se cae a cada rato la conexión con las redes móviles. Me arrepiento terriblemente de esta compra;NEGATIVO
91;SEM;MX;Pésima compra jamás pude vincularlo a mi cel, lo intentamos en varios teléfonos y simplemente no se pudo, no se cuantas veces desistalamos la app, la volvimos a instalar y nada... Muy complicado desmontarla para poder cargar la bateria. Horrible.;NEGATIVO
92;SEM;MX;La correa es algo sencilla, puede considerarse frágil, pero por el precio es buena opción. La batería dura bastante. Para leer la frecuencia cardiaca es buena opción.;NEGATIVO
93;SEM;MX;Cumple con lo que describe y por un buen costo, aunque está horrible que manden los cargadores originales con entradas europeas que son redondas y con un adaptador más chafa que nada y si no consigues una extención con entrada USB, ya te fregaste. Por lo demás, bastante bueno.;NEGATIVO
94;SEM;MX;Es un buen equipo, cumple con las funciones necesarias, aunque por la cantidad de ram que trae es algo lento viene compensado por lo que es el precio. Recomendado.;NEGATIVO
95;SEM;MX;lo tuve por 6 meses y a la primer caida leve de menos de 1 metro de altura se rego la tinta de la pantalla y se descompuso la mainboard, arreglarlo es literal comprar otro celular pienso que para el costo del equipo almenos deberian aguantar un poco mas las pantallas pues otros equipos de menor precio me han aguantado mas que este, el servicio de reparacion de huawei es una basura para los que quieran algo con garantia querian que pagara mas de 10000 pesos siendo que el equipo sin ofertas vale eso;NEGATIVO
96;SEM;MX;No les recomiendo este telefono. Es lento, la bateria no dura ni 8 horas, cuando se está cargando no te dja desbloquearlo. En fin no se los recomiendo.;NEGATIVO
97;SEM;MX;Un robo!!! Terrible 😡. Este modelo se bloqueo por completo después de pocos meses, debido a una “falla” general en ciertos modelos. Aunque me hicieron la devolución, no lo pude borrar y se quedaron con toda la información. No compren;NEGATIVO
98;SEM;MX;Defectuoso, ilegal, reparado, mala calidad? Da igual, dejo de funcionar en la última actualización y apareció esa leyenda. Ver imagen. Esperemos el proveedor se haga responsable....o Amazon. Sino me veré en la necesidad de no volver a comprar artículos electrónicos y recomendar lo mismo a los amigos y familiares. A nadie le gusta tirar más de 2000pesos a la basura o si?;NEGATIVO
99;SEM;MX;PÉSIMA CALIDAD!!! Llegó con la Pantalla rota y rallada, el teléfono golpeado, el cable y cubo para cargar literal son los que venden en el tianguis a $15 por favor NO COMPREN ESTA BASURA!!!;NEGATIVO
100;SEM;MX;Después de 3 meses el celular no carga y estará en la autorizada por 3 meses, si buscan es un problema cronico de los Samsung A31, A51, A71 etc. No compren esa basura.;NEGATIVO
101;SEM;MX;El teléfono vino lento y mal desde que me llegó, lo formatee de nuevo y parecía que quedó, seis meses después y ya no carga, el teléfono se que es bueno pero el vendedor no lo recomiendo;NEGATIVO
102;SEM;MX;Más vale que compres una funda gruesa porque es más frágil que una galleta;NEGATIVO
103;SEM;MX;El teléfono llegó con las bocinas tronadas, se escucha muy bajito y con calidad horrible. No recomiendo a nadie comprar electrónicos renewd porque siempre salen mal;NEGATIVO
104;SEM;MX;Llevo unos 6 meses con el teléfono y comienza a ser muy lento. Me parece que la relación calidad precio es mala.;NEGATIVO
105;SEM;MX;Todo está de maravilla con el look and feel pero es extremadamente lento en la operación del día a día, incluso a veces está sonando y no responde a la manipulación de la pantalla para contestar.;NEGATIVO
106;SEM;MX;El display es demasiado fragil, al estar abriendo y cerrando el celular se mueve el display y finalmente se despego y ya no funciono;NEGATIVO
107;SEM;MX;Llegó al día siguiente. Buen producto sin tantas aplicaciones basura.;NEGATIVO
108;SEM;MX;No estoy satisfecho, ahora se me hace muy costoso por lo poco que ofrece, muy lento aún con wifi 5G, se traba en ocasiones, la cámara muy discreta en cuanto a calidad y profundidad en las imágenes y la pantalla no tiene colores nítidos además de tener baja resolución.;NEGATIVO
109;SEM;MX;Insatisfecho con la compra, el precio es bueno pero no sé nota el rendimiento,no fue de mi agrado, he comprado 3 veces con Telmov y en ninguna de estas me han otorgado factura, no recomiendo este vendedor;NEGATIVO
110;SEM;MX;Muy buen precio y el tiempo de entrega solo fueron 6 días qué sinceramente vale la pena la demora por el precio.;NEGATIVO
111;SEM;MX;No compren ese tipo de celulares “renovados”, me extraña que Amazon se queme con ese tipo de proveedores sinvergüenzas que abundan desde hace tiempo en Mercadolibre que mencionan que son nuevos pero de exhibición. Y mentiras que un proveedor certifica el buen funcionamiento de los equipos antes de enviarse. Son equipos caros como para que intenten estafar a los usuarios con esos cuentos. Una basura de teléfono el Cual devolví al día siguiente de recibirlo, pues no retenía carga la pila y se reseteaba cuando quería. Que mal de Amazon que no expulse a este tipo de vendedores tranzas.;NEGATIVO
112;SEM;MX;Es una porqueria ,,,este vendedor vende puro producto malo,,,listo para hecharlos a la basura pero los hace creer k son revisados cuidadosamente ,,pero llegan malos y no funcionan;NEGATIVO
113;SEM;MX;El celular es bueno en cuanto a la memoria interna de almacenamiento, pero en velocidad y batería es malo. Muy lento y la batería se termina muy pronto.;NEGATIVO
114;SEM;MX;Amazon si me apoyo para el reembolso de mi dinero, Amazon si me ayudo y al final me quede con el celular porque asaltaron a mi mujer y le di este... que problema tiene el cel? Es desbloqueado, no libre de marca, es de SPRINT... y bueno enciendes y tienes que registrar a la red, app basura de la compañia... vaya, un problema.;NEGATIVO
115;SEM;MX;Basura;NEGATIVO
116;SEM;MX;Es mucho más lento que cualquier otro celular de esta gama;NEGATIVO
117;SEM;MX;El teclado a veces se queda congelado o las teclas no reaccionan. En ocasiones al escribir pareciera que la pantalla tiene una gota de agua. Se me hizo lento.;NEGATIVO
118;SEM;MX;Hace unos meses compré el S20 plus con exynos y debo decir que ese celular es una basura. La batería le duraba 8 horas en uso normal! Y 4 horas de pantalla encendida. Entonces lo devolví y ahorita compré este celular el S20 FE 5G con snapdragon y es muy diferente, la batería le dura como 20 horas de uso normal y 7.5 horas de pantalla encendida (eso sí, le dura eso con los 120hrz de pantalla apagados) pero estoy satisfecho con mi compra. Juego PUBG y COD durante dos horas y no se calienta casi. Entonces si lo recomiendo, llevo como 2 meses con el;NEGATIVO
119;SEM;MX;Excelente tamaño, pantalla de buen brillo. Sencillo de usar, ligeramente más lento que los de gama alta. Excelente calidad por el precio. Lo recomiendo mucho para personas mayores por la facilidad de uso y el tamaño de la letra;NEGATIVO
120;SAMCOL;CO;Tenía un celular con las mismas características de ram y este es muchísimo más lento que el que tenía. Tampoco sirve la funcionalidad de xiaomi para encontrarlo. Hace 8 meses Denunciar;NEGATIVO
121;SAMCOL;CO;He presentado algunos inconvenientes con el celular, porque se pone muy lento cuando utilizo la cámara o cuando estoy pasando de una aplicación a la otra, se queda paralizado. Y realmente me preocupa no se porque ocurre esto. Pero me encantaría que por fa me dieran una solución. Hace 4 meses Denunciar;NEGATIVO
